{"cameraMode":{"drawMode":0,"name":"Shaded","section":"Shading Mode"},"sceneLighting":false,"audioPlay":false,"sceneViewState":{"showFog":true,"showMaterialUpdate":false,"showSkybox":false,"showFlares":true,"showImageEffects":true,"showParticleSystems":true,"showVisualEffectGraphs":true,"m_FxEnabled":true},"in2DMode":false,"pivot":{"x":149.37286376953126,"y":-111.92669677734375,"z":330.1399841308594},"rotation":{"x":0.23303574323654176,"y":0.1667695939540863,"z":-0.040601007640361789,"w":0.9572006464004517},"size":255.73898315429688,"orthographic":false}